id;nom;prenom;date_naissance;lieu_naissance;sexe;numero_telephone;numero_cni
1;connect Granite;Profound coherent auxiliary;2022-08-27T13:18:57;adapter Fantastic Manager;Rubber Belarussian Computers;44484;96192
2;orchid wireless;Diverse Wooden;2022-08-26T16:59:12;reintermediate partnerships 24/7;silver whiteboard;16319;58334
3;withdrawal;magnetic synergies;2022-08-26T14:43:28;Checking Armenian;Computers repurpose;53188;68693
4;Home Midi-Pyrénées b;lavender Account Vaneau;2022-08-27T12:46:08;Tuna c transmit;object-oriented Frozen;91075;3916
5;systemic Towels;B2B Analyste;2022-08-26T23:30:11;Account;Automotive turquoise;15742;27088
6;Tools Manager web-enabled;Steel;2022-08-26T19:46:50;initiatives Baht c;silver c;96340;63010
7;Operative;Self-enabling;2022-08-26T22:13:19;back;users Awesome;90550;81681
8;Stagiaire Practical synthesizing;Networked Ouzbékistan relationships;2022-08-26T17:02:19;end-to-end Fresh b;wireless;73188;76609
9;Tenge Cross-platform;Avon invoice;2022-08-26T22:22:46;payment;de Ingenieur;54265;12795
10;Plastic;open mobile du;2022-08-27T04:08:23;Frozen;Buckinghamshire portals virtual;12969;26756
